"{""rating"":","3.0,","""title"":","""Smells like gasoline! Going back!"", ""text"": ""First & most offensive: they reek of gasoline so if you are sensitive/allergic to petroleum products like I am you will want to pass on these.  Second: the phone adapter is useless as-is. Mine was not drilled far enough to be able to tighten it into place for my iPhone 12 max. It just slipped & slid all over. Stupid me putting the adapter together first without picking up the binoculars to smell them bc I wasted 15 minutes trying to figure out how to put"
"{""rating"":","1.0,","""title"":","""Didn\u2019t work at all lenses loose/broken."", ""text"": ""These didn\u2019t work. Idk if they were damaged in shipping or what, but the lenses were loose or something. I could see half a lens with its edge in the frame and the rest was missing. It looked like it came loose or was broken."", ""images"": [], ""asin"": ""B07N69T6TM"", ""parent_asin"": ""B07N69T6TM"", ""user_id"": ""AFKZENTNBQ7A7V7UXW5JJI6UGRYQ"", ""timestamp"": 1592678549731, ""helpful_vote"": 0, ""verified_purchase"": true}"
"{""rating"":","5.0,","""title"":","""Excellent!"", ""text"": ""I love these. They even come with a carry case and several sizes of ear bud inserts. Thank heaven!  I get ear pain from most, but the smallest buds fit great.  They also have a charger and all of it fits in the carry case. I just wish they came in more colors preferably something bright!  When I leave them on my nightstand it takes a while to figure out which of half a dozen black cables are the right ones. Even white would be ok as only my iPhone has a white cord."", ""images"":"
"{""rating"":","5.0,","""title"":","""Great laptop backpack!"", ""text"": ""I was searching for a sturdy backpack for school that would allow me to carry my laptop as well as schoolbooks. After reading many of the reviews of this bag, I placed my order and crossed my fingers. I shouldn't have worried; it's a great bag! Solidly built and traveler-friendly with a ton of compartments for every little thing one might need to stow away. While this backpack is slightly larger than your average backpack, it is comfortable to wear trekking cross c"
"{""rating"":","5.0,","""title"":","""Best Headphones in the Fifties price range!"", ""text"": ""I've bought these headphones three times because I love them so much and overuse them and find ways to break the plug to where I can't use my warranty. The sound and bass are awesome. Hands down my favorite headphones in this price bracket."", ""images"": [], ""asin"": ""B013J7WUGC"", ""parent_asin"": ""B07CJYMRWM"", ""user_id"": ""AG2L7H23R5LLKDKLBEF2Q3L2MVDA"", ""timestamp"": 1676601581238, ""helpful_vote"": 0, ""verified_purchase"": true}"
"{""rating"":","5.0,","""title"":","""Great Fan! I\u2019m a FAN!"", ""text"": ""Light weight, quiet and totally awesome!!! It doesn\u2019t come with a charging base, but the cord ends in a USB so you can plug it into a phone charger or portable charger. Anything with USB! It\u2019s  so light and works great! It\u2019s really quiet also!!!"", ""images"": [], ""asin"": ""B072DSHKCH"", ""parent_asin"": ""B07CML419K"", ""user_id"": ""AGCI7FAH4GL5FI65HYLKWTMFZ2CQ"", ""timestamp"": 1637522881041, ""helpful_vote"": 0, ""verified_purchase"": true}"
"{""rating"":","5.0,","""title"":","""solid sound for the price"", ""text"": ""Update 2-they sent a new warranty replacement. Good company.<br />Update-  was 5 star until they left headphone died after 1.5 years.  Will contact support.<br />old:<br />love them.  a bit noisy when you're jogging.  but solid for biking or chilling around the house"", ""images"": [], ""asin"": ""B07BHHB5RH"", ""parent_asin"": ""B07BHHB5RH"", ""user_id"": ""AGCI7FAH4GL5FI65HYLKWTMFZ2CQ"", ""timestamp"": 1565130879386, ""helpful_vote"": 0, ""verified_purchase"": true}"
"{""rating"":","5.0,","""title"":","""Love the headphones - great range"", ""text"": ""These are fantastic headphones and I love that i can have my cell phone plugged in at a central location in my house and walk around the house and still listen to music or my book. the range for me is about 30' and the headphones will disconnect if i go outside and then reconnect when i get close to my phone again. If my phone is in my pocket it will stay connected where ever i go. I love listening to things without being attached or tethered to my phone"
"{""rating"":","5.0,","""title"":","""Five Stars"", ""text"": ""pretty good for the price."", ""images"": [], ""asin"": ""B002HWRZ2K"", ""parent_asin"": ""B01LW71IBJ"", ""user_id"": ""AGCI7FAH4GL5FI65HYLKWTMFZ2CQ"", ""timestamp"": 1456772571000, ""helpful_vote"": 0, ""verified_purchase"": true}"
"{""rating"":","5.0,","""title"":","""BUY THIS THANG"", ""text"": ""yes.. so good.  just buy it. my favorite feature is it auto connects and remembers my devices."", ""images"": [], ""asin"": ""B00WK47VEW"", ""parent_asin"": ""B017T99JPG"", ""user_id"": ""AGCI7FAH4GL5FI65HYLKWTMFZ2CQ"", ""timestamp"": 1456772365000, ""helpful_vote"": 0, ""verified_purchase"": true}"
"{""rating"":","1.0,","""title"":","""Not sure why this has good reviews. My devices had a hard time connecting"", ""text"": ""This devices brought my wifi network to its knees. Not sure why this has good reviews. My devices had a hard time connecting. And even if my devices weren't connected it would hog a bunch of bandwidth and slow the whole network. I personally would just buy an AirPort Extreme. That solved range problems for me."", ""images"": [], ""asin"": ""B00L0YLRUW"", ""parent_asin"": ""B00L0YLRUW"", ""user_id"": ""AGCI7FAH4GL5FI65HYLKWTMFZ2C"
"{""rating"":","3.0,","""title"":","""Works but corners crack"", ""text"": ""Works well, but the corner of the plastic cracked and is broken after a month or so. I think at least 2 of the plastic corners are cracked now. still works but wish it was higher quality."", ""images"": [], ""asin"": ""B00CB7W1GG"", ""parent_asin"": ""B01HHURN3W"", ""user_id"": ""AGCI7FAH4GL5FI65HYLKWTMFZ2CQ"", ""timestamp"": 1408995743000, ""helpful_vote"": 0, ""verified_purchase"": true}"
"{""rating"":","5.0,","""title"":","""legit"", ""text"": ""legit.  love them.  I play with 1 in fully and 1 ear in 1/2.  really nice.  good product.  buy rechargeable batteries to go with them you'll save $$$"", ""images"": [], ""asin"": ""B004S2JX7W"", ""parent_asin"": ""B004S2JX7W"", ""user_id"": ""AGCI7FAH4GL5FI65HYLKWTMFZ2CQ"", ""timestamp"": 1384912340000, ""helpful_vote"": 1, ""verified_purchase"": true}"
"{""rating"":","3.0,","""title"":","""marginal sound quality"", ""text"": ""this really deserves 3 stars.  its not terrible, but its not great.  first is sound quality.  its not terrible.  2nd is limited distance.  its not terrible, but not great.<br /><br />I wish I had found a better product."", ""images"": [], ""asin"": ""B0047T79VS"", ""parent_asin"": ""B0047T79VS"", ""user_id"": ""AGCI7FAH4GL5FI65HYLKWTMFZ2CQ"", ""timestamp"": 1344406083000, ""helpful_vote"": 0, ""verified_purchase"": true}"
"{""rating"":","5.0,","""title"":","""Five Stars"", ""text"": ""These work great for 8x10 frames."", ""images"": [], ""asin"": ""B00IXNUDG2"", ""parent_asin"": ""B00IXNUDG2"", ""user_id"": ""AGXVBIUFLFGMVLATYXHJYL4A5Q7Q"", ""timestamp"": 1530556616080, ""helpful_vote"": 0, ""verified_purchase"": true}"
"{""rating"":","5.0,","""title"":","""... stronger WIFI to my upstairs level & it works great! Great value for the price"", ""text"": ""Bought to get stronger WIFI to my upstairs level & it works great! Great value for the price!"", ""images"": [], ""asin"": ""B00PVCXB4Y"", ""parent_asin"": ""B00PVCXB4Y"", ""user_id"": ""AGXVBIUFLFGMVLATYXHJYL4A5Q7Q"", ""timestamp"": 1530556481268, ""helpful_vote"": 0, ""verified_purchase"": true}"
"{""rating"":","5.0,","""title"":","""My kids love the wi fi streaming options"", ""text"": ""This is the 3rd Sony Blu Ray player I have bought & have been impressed with them all. My kids love the wi fi streaming options."", ""images"": [], ""asin"": ""B00TYFCJ8S"", ""parent_asin"": ""B00X5C22SS"", ""user_id"": ""AGXVBIUFLFGMVLATYXHJYL4A5Q7Q"", ""timestamp"": 1461331182000, ""helpful_vote"": 0, ""verified_purchase"": true}"
"{""rating"":","5.0,","""title"":","""Love Otterbox cases"", ""text"": ""Love Otterbox cases. These have protected my 7 & 9 year old's IPods with lots of drops & wear & tear."", ""images"": [], ""asin"": ""B007Y2YVHU"", ""parent_asin"": ""B0BKQZGST4"", ""user_id"": ""AGXVBIUFLFGMVLATYXHJYL4A5Q7Q"", ""timestamp"": 1428326275000, ""helpful_vote"": 0, ""verified_purchase"": true}"
"{""rating"":","5.0,","""title"":","""Five Stars"", ""text"": ""great product. high quality. fits perfectly."", ""images"": [], ""asin"": ""B01LQF8B7G"", ""parent_asin"": ""B01LQF8B7G"", ""user_id"": ""AGKHLEW2SOWHNMFQIJGBECAF7INQ"", ""timestamp"": 1486320479000, ""helpful_vote"": 0, ""verified_purchase"": true}"
"{""rating"":","4.0,","""title"":","""Four Stars"", ""text"": ""Pretty cool!!!<br /><br />Thanks Amazon."", ""images"": [], ""asin"": ""B00ZV9RDKK"", ""parent_asin"": ""B075X8471B"", ""user_id"": ""AEM663T6XHZFWLODF4US2RCOCUSA"", ""timestamp"": 1509491262120, ""helpful_vote"": 0, ""verified_purchase"": true}"
"{""rating"":","5.0,","""title"":","""NO GLUE JUST SCREWS"", ""text"": ""It came in quickly.  My son and grandson put it together for me in about 3 or 4 hr.  Time out for dinner and couple of beers.  Back to putting it to finish and test it out.  TV hung perfectly.  Fit right in the same corner a much smaller stand was in Clean looks with the wires now."", ""images"": [], ""asin"": ""B08C78SQPM"", ""parent_asin"": ""B0B2DLVCF3"", ""user_id"": ""AFE337D2J37YRU5U6MVTVKNDKWDA"", ""timestamp"": 1643011912524, ""helpful_vote"": 0, ""verified_purchase"": true}"
"{""rating"":","5.0,","""title"":","""Good choice"", ""text"": ""Just a normal cable, works great for my external monitor!"", ""images"": [], ""asin"": ""B014I8UQJY"", ""parent_asin"": ""B0199HAOAU"", ""user_id"": ""AGBFYI2DDIKXC5Y4FARTYDTQBMFQ"", ""timestamp"": 1597714311689, ""helpful_vote"": 0, ""verified_purchase"": true}"
"{""rating"":","5.0,","""title"":","""Good alarm clock"", ""text"": ""I love this alarm. Bright, nice tone. The system is a little confusing but the manual helps a lot. Once you get the hang of it you'll love it. It's a nice gentle way to wake up."", ""images"": [], ""asin"": ""B0093162RM"", ""parent_asin"": ""B0093162RM"", ""user_id"": ""AGBFYI2DDIKXC5Y4FARTYDTQBMFQ"", ""timestamp"": 1578593798362, ""helpful_vote"": 0, ""verified_purchase"": true}"
"{""rating"":","5.0,","""title"":","""Works great!"", ""text"": ""Works great with my pixel 2, I can charge quickly while listening to music."", ""images"": [], ""asin"": ""B07FCZY1ZB"", ""parent_asin"": ""B07FCZY1ZB"", ""user_id"": ""AGBFYI2DDIKXC5Y4FARTYDTQBMFQ"", ""timestamp"": 1544200044036, ""helpful_vote"": 0, ""verified_purchase"": true}"
"{""rating"":","5.0,","""title"":","""Great for music/podcasts and receiving calls"", ""text"": ""Works flawlessly! Great for music/podcasts and receiving calls. The microphone isn't set up that close to my face but still captures my voice clearly."", ""images"": [], ""asin"": ""B00RH29CJO"", ""parent_asin"": ""B00RH29CJO"", ""user_id"": ""AGBFYI2DDIKXC5Y4FARTYDTQBMFQ"", ""timestamp"": 1535118501776, ""helpful_vote"": 0, ""verified_purchase"": true}"
"{""rating"":","5.0,","""title"":","""Nice lightweight sleeve"", ""text"": ""I am not sure how much protection this provides - certainly less than a camera bag - but it will protect against scratches and small bumps. It's fairly thin. It fits my Canon EOS Rebel T6i w/ kit lens very well - like a glove."", ""images"": [], ""asin"": ""B01976K5B6"", ""parent_asin"": ""B08P3VMW76"", ""user_id"": ""AGBFYI2DDIKXC5Y4FARTYDTQBMFQ"", ""timestamp"": 1483327495000, ""helpful_vote"": 0, ""verified_purchase"": true}"
"{""rating"":","5.0,","""title"":","""better than I expected!"", ""text"": ""Awesome product, fits well on my mac. Would definitely recommend."", ""images"": [], ""asin"": ""B013KPXNSW"", ""parent_asin"": ""B013KPXNSW"", ""user_id"": ""AGBFYI2DDIKXC5Y4FARTYDTQBMFQ"", ""timestamp"": 1453856042000, ""helpful_vote"": 0, ""verified_purchase"": false}"
"{""rating"":","4.0,","""title"":","""Did anyone use this for a recessed TV mount?"", ""text"": ""I believe the electrical boxes are made especially to fit in a recessed (in wall) TV mount fixture. That is perhaps why it is made narrower. In the comments I am not seeing anyone using it for this. I would love to hear if someone used it placed inside a recessed mount and how it worked."", ""images"": [], ""asin"": ""B001PL3XJS"", ""parent_asin"": ""B0862W5BQ8"", ""user_id"": ""AEVWAM3YWN5URJVJIZZ6XPD2MKIA"", ""timestamp"": 1484481615000, ""helpful_vote"": 0, """
"{""rating"":","5.0,","""title"":","""Don't know why I didn't get one of these years ..."", ""text"": ""Don't know why I didn't get one of these years ago..it's saving me $9 a month rental fee i was paying Comcast"", ""images"": [], ""asin"": ""B004XC6GJ0"", ""parent_asin"": ""B004XC6GJ0"", ""user_id"": ""AEVWAM3YWN5URJVJIZZ6XPD2MKIA"", ""timestamp"": 1409848855000, ""helpful_vote"": 0, ""verified_purchase"": true}"
"{""rating"":","5.0,","""title"":","""Great portable monitor"", ""text"": ""Worked great for a vacation monitor. Had no issues with my MacBook. Good resolution, no dead pixels. Very easy to carry around"", ""images"": [], ""asin"": ""B07V1SQ966"", ""parent_asin"": ""B0BNX9QVXZ"", ""user_id"": ""AFTC6ZR5IKNRDG5JCPVNVMU3XV2Q"", ""timestamp"": 1638832601151, ""helpful_vote"": 0, ""verified_purchase"": true}"
"{""rating"":","5.0,","""title"":","""All rounder!"", ""text"": ""This has been a great headset for video conferencing all day. Comfort is great, mic quality is great and when I do play music it sounds great too."", ""images"": [], ""asin"": ""B07Q9MJKBV"", ""parent_asin"": ""B0BN534JBB"", ""user_id"": ""AFTC6ZR5IKNRDG5JCPVNVMU3XV2Q"", ""timestamp"": 1603918014826, ""helpful_vote"": 0, ""verified_purchase"": true}"
"{""rating"":","5.0,","""title"":","""Great, simple, strong"", ""text"": ""Can easily hold 2 pairs of headphones and looks great!"", ""images"": [], ""asin"": ""B07PQ334GJ"", ""parent_asin"": ""B08X4R1T16"", ""user_id"": ""AFTC6ZR5IKNRDG5JCPVNVMU3XV2Q"", ""timestamp"": 1601660312073, ""helpful_vote"": 0, ""verified_purchase"": true}"
"{""rating"":","5.0,","""title"":","""A great device to make any headphone wireless"", ""text"": ""Sound quality of my dt 990 much improved compared to just hooking up to my phone. Would recommend to everyone. Small and easy to use"", ""images"": [], ""asin"": ""B07ZK3M6XK"", ""parent_asin"": ""B08932J7NC"", ""user_id"": ""AFTC6ZR5IKNRDG5JCPVNVMU3XV2Q"", ""timestamp"": 1599158339350, ""helpful_vote"": 0, ""verified_purchase"": true}"
"{""rating"":","5.0,","""title"":","""Big hit at lunch"", ""text"": ""These are incredible value for the money. All of the included parts have worked for a few months and are still in great quality. We use them at lunch for an hour each day with smash."", ""images"": [], ""asin"": ""B078LLS33F"", ""parent_asin"": ""B078LLS33F"", ""user_id"": ""AFTC6ZR5IKNRDG5JCPVNVMU3XV2Q"", ""timestamp"": 1570934951031, ""helpful_vote"": 0, ""verified_purchase"": true}"
"{""rating"":","5.0,","""title"":","""Easy and plentiful"", ""text"": ""Stick great to my desk and provide ample spaces for all of my cords. The color coding is more useful than I thought originally. Since each one has two spots, I had enough for my desk and bed night stand."", ""images"": [], ""asin"": ""B00V3KM73E"", ""parent_asin"": ""B00V3KLZSW"", ""user_id"": ""AFTC6ZR5IKNRDG5JCPVNVMU3XV2Q"", ""timestamp"": 1464791980000, ""helpful_vote"": 0, ""verified_purchase"": true}"
"{""rating"":","5.0,","""title"":","""Great RAM"", ""text"": ""This pair is fantastic for the price I paid(just over 50$) . There are a little long and tall which forced me to move my two fans around them, but that is more case design flaw than anything. I haven't had any issues with them and have used PNY for a long time."", ""images"": [], ""asin"": ""B012ASFKOU"", ""parent_asin"": ""B012ASFKOU"", ""user_id"": ""AFTC6ZR5IKNRDG5JCPVNVMU3XV2Q"", ""timestamp"": 1464791683000, ""helpful_vote"": 0, ""verified_purchase"": true}"
"{""rating"":","4.0,","""title"":","""good and cheap"", ""text"": ""Had for about a month now. Still running strong and keeping my twc ultimate internet on all 8 of my houses devices. Goes through three rooms and I'll lose just a small fraction of speed (10mbps loss for a ranch style house)."", ""images"": [], ""asin"": ""B001FWYGJS"", ""parent_asin"": ""B001FWYGJS"", ""user_id"": ""AFTC6ZR5IKNRDG5JCPVNVMU3XV2Q"", ""timestamp"": 1427592277000, ""helpful_vote"": 0, ""verified_purchase"": true}"
"{""rating"":","5.0,","""title"":","""Does what it is meant to do"", ""text"": ""Very easy to configure, fits my 11.6&#34; Alienware very well. I can focus air on my Gpu and WASD keys to prevent from getting hot. Easy recommendation to anyone who needs a cooler for intense applications. My WASD keys barely get hot and my Gpu runs much more stable."", ""images"": [], ""asin"": ""B00CPZJP7M"", ""parent_asin"": ""B08YP2F6VG"", ""user_id"": ""AFTC6ZR5IKNRDG5JCPVNVMU3XV2Q"", ""timestamp"": 1382629272000, ""helpful_vote"": 4, ""verified_purchase"": true}"
"{""rating"":","5.0,","""title"":","""Works great with my Samsung Galaxy Pro S5e"", ""text"": ""Everything works great on the hub with my Samsung Galaxy Pro S5e."", ""images"": [], ""asin"": ""B07TVSLDND"", ""parent_asin"": ""B0C8HDXFXN"", ""user_id"": ""AEAUZK2OLWXD75AWJOCCGGCL3H2A"", ""timestamp"": 1593484216259, ""helpful_vote"": 0, ""verified_purchase"": true}"
"{""rating"":","5.0,","""title"":","""At first seemed DOA."", ""text"": ""Must visually confirm that connector is fully extended by looking at slide groove.  Mine seemed DOA until I realized that  it wasn't making electrical connection."", ""images"": [], ""asin"": ""B00RBGYGPG"", ""parent_asin"": ""B00RBGYGPG"", ""user_id"": ""AEAUZK2OLWXD75AWJOCCGGCL3H2A"", ""timestamp"": 1443274800000, ""helpful_vote"": 0, ""verified_purchase"": true}"
"{""rating"":","5.0,","""title"":","""Protects my power supply from small screws"", ""text"": ""Any small screw dropped in my computer case seemed to end up inside the bottom mounted power supply.  This filter will keep them out."", ""images"": [{""small_image_url"": ""https://images-na.ssl-images-amazon.com/images/I/6196JJXVPVL._SL256_.jpg"", ""medium_image_url"": ""https://images-na.ssl-images-amazon.com/images/I/6196JJXVPVL._SL800_.jpg"", ""large_image_url"": ""https://images-na.ssl-images-amazon.com/images/I/6196JJXVPVL._SL1600_.jpg"", ""attachment_ty"
"{""rating"":","5.0,","""title"":","""5 stars but be careful that you get what you paid for"", ""text"": ""Bought four of these to use in a RAID.  All four of the boxes had PN: 98D648 - 550 on the box.  When I installed one of the drives it was smaller than the others.  PN on smaller drive's label was 98J146 - 308 and it was called a Barracuda 7200.10.  Larger drives were Barracuda 7200.11 9BX154 - 303 on the drive label.  Returned it and will check the replacement when it arrives.<br /><br />7/3/08 Received replacement drive and it was Ba"
"{""rating"":","5.0,","""title"":","""Cute for photos!"", ""text"": ""Thin material but perfect to hang for a photo backdrop. Very happy!"", ""images"": [], ""asin"": ""B07RJHQSGB"", ""parent_asin"": ""B09NHSGWPD"", ""user_id"": ""AE74DYR3QUGVPZJ3P7RFWBGIX7XQ"", ""timestamp"": 1635870179357, ""helpful_vote"": 0, ""verified_purchase"": true}"
"{""rating"":","1.0,","""title"":","""Arrived damaged"", ""text"": ""Arrived damaged"", ""images"": [], ""asin"": ""B095KHWNLK"", ""parent_asin"": ""B095KHWNLK"", ""user_id"": ""AFQLNQNQYFWQZPJQZS6V3NZU4QBQ"", ""timestamp"": 1658263333664, ""helpful_vote"": 0, ""verified_purchase"": true}"
"{""rating"":","5.0,","""title"":","""Great"", ""text"": ""Fast charging"", ""images"": [], ""asin"": ""B07PGRR6QN"", ""parent_asin"": ""B08BRJ98H3"", ""user_id"": ""AFQLNQNQYFWQZPJQZS6V3NZU4QBQ"", ""timestamp"": 1606084429795, ""helpful_vote"": 0, ""verified_purchase"": true}"
"{""rating"":","5.0,","""title"":","""As good as advertised"", ""text"": ""This product is as good as advertised. The cost is attractive; considering you will likely replace them again in the future. I\u2019ve attached a pic of the old and newly installed pads for comparison."", ""images"": [{""small_image_url"": ""https://m.media-amazon.com/images/I/81Nug5NTwhL._SL256_.jpg"", ""medium_image_url"": ""https://m.media-amazon.com/images/I/81Nug5NTwhL._SL800_.jpg"", ""large_image_url"": ""https://m.media-amazon.com/images/I/81Nug5NTwhL._SL1600_.jpg"", ""attac"
"{""rating"":","5.0,","""title"":","""Good cord"", ""text"": ""Good cord. 15ft is exactly what I wanted."", ""images"": [], ""asin"": ""B00DI89SLS"", ""parent_asin"": ""B07GVWH35S"", ""user_id"": ""AHITBJSS7KYUBVZPX7M2WJCOIVKQ"", ""timestamp"": 1560028052317, ""helpful_vote"": 0, ""verified_purchase"": true}"
"{""rating"":","5.0,","""title"":","""Great cover and protection"", ""text"": ""Fits my MacBook Air perfectly! Has a soft touch. Great product."", ""images"": [], ""asin"": ""B06VTQK7CB"", ""parent_asin"": ""B06VTQK7CB"", ""user_id"": ""AHITBJSS7KYUBVZPX7M2WJCOIVKQ"", ""timestamp"": 1560014186774, ""helpful_vote"": 0, ""verified_purchase"": true}"
"{""rating"":","1.0,","""title"":","""Don\u2019t buy this product"", ""text"": ""DO NOT BUY THIS PRODUCT!! The first time I zipped the first pouch, the zipper broke. I tried another one, same thing,  zipper broke on the first try. HORRIBLE!!!"", ""images"": [], ""asin"": ""B0776DSP7Y"", ""parent_asin"": ""B0776DSP7Y"", ""user_id"": ""AHITBJSS7KYUBVZPX7M2WJCOIVKQ"", ""timestamp"": 1526085167886, ""helpful_vote"": 1, ""verified_purchase"": true}"
"{""rating"":","2.0,","""title"":","""Disappointed"", ""text"": ""Not very accurate in tracking steps taken.  Wrist band started coming off after 3 months of use."", ""images"": [], ""asin"": ""B00N2BVOUE"", ""parent_asin"": ""B00NWXM5U0"", ""user_id"": ""AHITBJSS7KYUBVZPX7M2WJCOIVKQ"", ""timestamp"": 1432345739000, ""helpful_vote"": 0, ""verified_purchase"": true}"
"{""rating"":","5.0,","""title"":","""Five Stars"", ""text"": ""Works great. Easy to install."", ""images"": [], ""asin"": ""B00EVVGAFI"", ""parent_asin"": ""B01DDIAX1Q"", ""user_id"": ""AHITBJSS7KYUBVZPX7M2WJCOIVKQ"", ""timestamp"": 1432345612000, ""helpful_vote"": 0, ""verified_purchase"": true}"
"{""rating"":","2.0,","""title"":","""Very Disappointing"", ""text"": ""Very very slow processor. Disappointing."", ""images"": [], ""asin"": ""B00L49X8E6"", ""parent_asin"": ""B00L49X8E6"", ""user_id"": ""AHITBJSS7KYUBVZPX7M2WJCOIVKQ"", ""timestamp"": 1432345403000, ""helpful_vote"": 0, ""verified_purchase"": true}"
"{""rating"":","5.0,","""title"":","""Great headsets"", ""text"": ""Great headsets. Comfortable. Great sound quality."", ""images"": [], ""asin"": ""B005HS5MKS"", ""parent_asin"": ""B09HDZ8FQY"", ""user_id"": ""AHITBJSS7KYUBVZPX7M2WJCOIVKQ"", ""timestamp"": 1432344106000, ""helpful_vote"": 0, ""verified_purchase"": true}"
"{""rating"":","5.0,","""title"":","""Great Case"", ""text"": ""Great case. Fits both the iPad Air & Air 2. Comes with a removable inner lining. When removed it fits the iPad Air. Looks good. Bought it in December 2014, still in great shape."", ""images"": [], ""asin"": ""B00PQBDQPO"", ""parent_asin"": ""B00PQBDQPO"", ""user_id"": ""AHITBJSS7KYUBVZPX7M2WJCOIVKQ"", ""timestamp"": 1432344054000, ""helpful_vote"": 0, ""verified_purchase"": true}"
"{""rating"":","5.0,","""title"":","""Great Product"", ""text"": ""AWESOME sound!  Easy to install. The wireless subwoofer makes it easy to place any where in the room."", ""images"": [], ""asin"": ""B00CRF9V2O"", ""parent_asin"": ""B00CRF9V2O"", ""user_id"": ""AHITBJSS7KYUBVZPX7M2WJCOIVKQ"", ""timestamp"": 1432342639000, ""helpful_vote"": 0, ""verified_purchase"": true}"
"{""rating"":","5.0,","""title"":","""Great Product"", ""text"": ""Excellent sound. Easy to install."", ""images"": [], ""asin"": ""B00BHC7ZTE"", ""parent_asin"": ""B00BHC7ZTE"", ""user_id"": ""AHITBJSS7KYUBVZPX7M2WJCOIVKQ"", ""timestamp"": 1432342265000, ""helpful_vote"": 0, ""verified_purchase"": true}"
"{""rating"":","4.0,","""title"":","""Worthy Purchase!"", ""text"": ""Arrived sooner than the original really long estimated date.  Packaged well.  Remote wall bracket included.  No ceiling or wall mounting hardware included for the screen.  Very quiet operation. Moves very slowly up/down, but no big problem as the projector is usually getting up to temperature.  High vinyl odor, but that's fading, since installed 4 days ago. Does hide-away nicely and seems unobtrusive.  Worthy purchase."", ""images"": [], ""asin"": ""B00852JEPW"", ""parent_asin"":"
"{""rating"":","2.0,","""title"":","""This thing has a mind of its own\u2026.."", ""text"": ""This cameras seems to focus on what \u201cit\u201d wants. I will try to capture and watch an area by moving the cameras visual area using the app but it will quickly return to another area. Not even the same area as was before I decided to look elsewhere. It tends to bounce anywhere it\u2019s little heart desires causing me frustration and non use."", ""images"": [], ""asin"": ""B07YB8HZ8T"", ""parent_asin"": ""B09ZTXZ1MQ"", ""user_id"": ""AERGOXGAFZ2J3ZMHXVLZQ"
"{""rating"":","5.0,","""title"":","""Easy connect"", ""text"": ""A little crackly at times but not that noticeable. Just turn the volume up. Easy connect. Use everyday"", ""images"": [], ""asin"": ""B06XJ1YZSH"", ""parent_asin"": ""B09MYGF318"", ""user_id"": ""AHNCL7NLOKEPI7UADY4TIXN3UTFA"", ""timestamp"": 1614333940793, ""helpful_vote"": 0, ""verified_purchase"": true}"
"{""rating"":","1.0,","""title"":","""Junk"", ""text"": ""To me, this was a waste of money. Not useful on a plane or really anywhere. Too short, once bent, leaving no surface space so phone wants to fall off. Don\u2019t buy it. Save your money."", ""images"": [], ""asin"": ""B072MBPWMV"", ""parent_asin"": ""B07VV6TT69"", ""user_id"": ""AFEAJQIVVIZCTKQNNHD73H7VQSPQ"", ""timestamp"": 1588171605329, ""helpful_vote"": 0, ""verified_purchase"": true}"
"{""rating"":","5.0,","""title"":","""Good purchase"", ""text"": ""Works great. Son uses it to hold Beats and Jaybirds. Traveled well and protected items."", ""images"": [], ""asin"": ""B01EMYUOLE"", ""parent_asin"": ""B07BRHB8C1"", ""user_id"": ""AFVNEEPDEIH5SPUN5BWC6NKL3WNQ"", ""timestamp"": 1580471673218, ""helpful_vote"": 0, ""verified_purchase"": true}"
"{""rating"":","5.0,","""title"":","""Happy with purchase"", ""text"": ""Works great. No complaints!"", ""images"": [], ""asin"": ""B0714NB5TL"", ""parent_asin"": ""B07Z6BPJXQ"", ""user_id"": ""AFVNEEPDEIH5SPUN5BWC6NKL3WNQ"", ""timestamp"": 1546821300925, ""helpful_vote"": 0, ""verified_purchase"": true}"
"{""rating"":","4.0,","""title"":","""Big,sturdy and easy zippers"", ""text"": ""My son likes it,holding up well considering how much weight he puts in it.So far so good!"", ""images"": [], ""asin"": ""B071ZYHCM6"", ""parent_asin"": ""B083YHS7SV"", ""user_id"": ""AFDERBL3G23J5U6HHQBAZLTREKOA"", ""timestamp"": 1647795494239, ""helpful_vote"": 0, ""verified_purchase"": true}"
"{""rating"":","5.0,","""title"":","""Five Stars"", ""text"": ""love them so much thank you"", ""images"": [], ""asin"": ""B002MAPSC6"", ""parent_asin"": ""B0046EDOWW"", ""user_id"": ""AHXSBZT52TCPZUBVCBRICTHWUCBA"", ""timestamp"": 1424355917000, ""helpful_vote"": 0, ""verified_purchase"": true}"
"{""rating"":","5.0,","""title"":","""Five Stars"", ""text"": ""awesome"", ""images"": [], ""asin"": ""B0045DT3A6"", ""parent_asin"": ""B0045DT3A6"", ""user_id"": ""AHXSBZT52TCPZUBVCBRICTHWUCBA"", ""timestamp"": 1424355889000, ""helpful_vote"": 0, ""verified_purchase"": true}"
"{""rating"":","5.0,","""title"":","""Great quality and fit!"", ""text"": ""Very sturdy and well made. My AirPods fit snugly into the case and the cases latching button is magnetic and closes easily and is very secure. The charging light is visible as there is an opening for it built into the case so you can see when it is light up red or green and the charging port is accessible so you don\u2019t have to remove them to charge them. They clasp onto my purse sturdily and I have no worries about them becoming dislodged from my purse and gett"
"{""rating"":","3.0,","""title"":","""Decent, but the design is flawed."", ""text"": ""Somewhat disappointed. Works as advertised except this desk is not wide enough and therefore your computer is not centered for typing. I\u2019m order to do my homework I have to set it up as shown in my photo (move computer to center of desk instead of where it\u2019s supposed to sit) which leaves little room for my mouse to be used. This is the only flaw I am seeing so far."", ""images"": [{""small_image_url"": ""https://images-na.ssl-images-amazon.com/images"
"{""rating"":","5.0,","""title"":","""Five Stars"", ""text"": ""Gift"", ""images"": [], ""asin"": ""B0733GXPYZ"", ""parent_asin"": ""B0733GXPYZ"", ""user_id"": ""AHBHMMUTJ5W3SZUHVKUP35ZYKUHA"", ""timestamp"": 1523660960862, ""helpful_vote"": 0, ""verified_purchase"": true}"
"{""rating"":","2.0,","""title"":","""Flimsy stamd"", ""text"": ""The projection screen itself is not wrinkle free and the stand is super flimsy. I'm just going to end up using some heavy duty velcro strips to hang the screen without the stand."", ""images"": [], ""asin"": ""B07TPLH5YK"", ""parent_asin"": ""B07TPLH5YK"", ""user_id"": ""AFJTRBXMURLHS5EGNXLUHDHIZRFQ"", ""timestamp"": 1622018763645, ""helpful_vote"": 0, ""verified_purchase"": true}"
"{""rating"":","2.0,","""title"":","""Manufacturers defect and terrible customer support."", ""text"": ""Just brought this TV in March and the panel is screwed. Turns out it's a manufacturers defect. Trying to get this TV replaced or repaired has been HELL!  I had been calling support since March and finally got through at the end of July. I've been transferred to 3 different departments just to get the exchange finalized. No one has made any effort to contact me about when or how this exchange will take place. Terrible!"", ""images"": [], ""a"
"{""rating"":","5.0,","""title"":","""Very nice! I love my new larger screen Kindle"", ""text"": ""Very nice!  I love my new larger screen Kindle."", ""images"": [], ""asin"": ""B00VKIY9RG"", ""parent_asin"": ""B00VKIY9RG"", ""user_id"": ""AHSPLDNW5OOUK2PLH7GXLACFBZNQ"", ""timestamp"": 1449000623000, ""helpful_vote"": 2, ""verified_purchase"": true}"
"{""rating"":","5.0,","""title"":","""Love it! It fits my Chromebook perfectly"", ""text"": ""Love it!  It fits my Chromebook perfectly."", ""images"": [], ""asin"": ""B00J39BYSG"", ""parent_asin"": ""B07BJ8KD6X"", ""user_id"": ""AHSPLDNW5OOUK2PLH7GXLACFBZNQ"", ""timestamp"": 1435699671000, ""helpful_vote"": 0, ""verified_purchase"": true}"
"{""rating"":","1.0,","""title"":","""Horrible. It did not amplify anything"", ""text"": ""Horrible.  It did not amplify anything.  All I heard was a buzzing sound.  I'm so disappointed."", ""images"": [], ""asin"": ""B0061F6QUG"", ""parent_asin"": ""B0061F6QUG"", ""user_id"": ""AHSPLDNW5OOUK2PLH7GXLACFBZNQ"", ""timestamp"": 1421083734000, ""helpful_vote"": 0, ""verified_purchase"": false}"
"{""rating"":","5.0,","""title"":","""Great quality and more stations than bunny ears"", ""text"": ""I purchased this for my Nana who is 94 yrs old and doesn\u2019t have cable. It was simple to set up (follow instructions on TV settings to setup) and my nana now has more stations and way better quality visually as well as for listening because the stations no longer go in and out! Definitely worth the money."", ""images"": [], ""asin"": ""B09DRXBKVG"", ""parent_asin"": ""B09DRXBKVG"", ""user_id"": ""AHTTU2FL6FCNBBAESCJHOHHSSW7A"", ""timestamp"": 1633370907"
"{""rating"":","5.0,","""title"":","""Excited to swim with these!!!"", ""text"": ""Pretty cool design...still figuring out how to get the mp3s added for swimming!"", ""images"": [], ""asin"": ""B09TB71VLY"", ""parent_asin"": ""B09TB71VLY"", ""user_id"": ""AGBUJDDLRJIUJFTKPABJT6CJTHRQ"", ""timestamp"": 1667533229459, ""helpful_vote"": 0, ""verified_purchase"": true}"
"{""rating"":","5.0,","""title"":","""Easy to install"", ""text"": ""I needed this for work and it was easy to install, I use it daily.  Have only had it a few weeks but so far, so good.  It comes with a long cord too which is a good feature."", ""images"": [], ""asin"": ""B002N3MM6W"", ""parent_asin"": ""B002N3MM6W"", ""user_id"": ""AGXFEGMNVCSTSYYA5UWXDV7AFSXA"", ""timestamp"": 1589664572977, ""helpful_vote"": 0, ""verified_purchase"": true}"
"{""rating"":","5.0,","""title"":","""Recommended"", ""text"": ""Super happy and got it on promo! Would recommend"", ""images"": [], ""asin"": ""B01MZEEFNX"", ""parent_asin"": ""B07KTYJ769"", ""user_id"": ""AHZIJGKEWRTAEOZ673G5B3SNXEGQ"", ""timestamp"": 1602938037276, ""helpful_vote"": 0, ""verified_purchase"": true}"
"{""rating"":","5.0,","""title"":","""Dot"", ""text"": ""Love it"", ""images"": [], ""asin"": ""B07PGL2N7J"", ""parent_asin"": ""B07PGL2N7J"", ""user_id"": ""AHZIJGKEWRTAEOZ673G5B3SNXEGQ"", ""timestamp"": 1577750248406, ""helpful_vote"": 0, ""verified_purchase"": true}"
"{""rating"":","5.0,","""title"":","""Double Din Car Stereo Android 9.0 Quad Core 7 Inch HD"", ""text"": ""came as advertised; delivered before date-of-delivery; good value for money<br />radio standard, depending on your car, may need install kit for your car;<br />I needed kit for my 2013 Toyota . . .<br />suggest you measure area opening of dash where radio is to be mounted"", ""images"": [], ""asin"": ""B07J2GSF3S"", ""parent_asin"": ""B07J2GSF3S"", ""user_id"": ""AEFKF6R2GUSK2AWPSWRR4ZO36JVQ"", ""timestamp"": 1652912051169, ""helpful_vote"": 0, ""verifie"
"{""rating"":","3.0,","""title"":","""Carxtc Double Din Install Car Stereo Dash Kit for a Aftermarket Radio"", ""text"": ""says \""it fits Aftermarket Radio Fits 2009-2013 Toyota Corolla\"": my car is a 2013 Toyota Corolla, but it didn't work for me: side pieces did not bolt to my radio: I think it is because my radio mounting holes are not the same as the kit: my radio is one that the kit does not work with. . .<br />nice kit tho. . ."", ""images"": [], ""asin"": ""B07Z9QXZMW"", ""parent_asin"": ""B07Z9QXZMW"", ""user_id"": ""AEFKF6R2GUSK2AWPSWRR4ZO36JVQ"
"{""rating"":","4.0,","""title"":","""ASURION 3 Year Portable Electronic Accident Protection Plan with Tech Support  $20-29.99"", ""text"": ""nice to have an accident plan just in case of the unexpected . . ."", ""images"": [], ""asin"": ""B07Q585X37"", ""parent_asin"": ""B07Q585X37"", ""user_id"": ""AEFKF6R2GUSK2AWPSWRR4ZO36JVQ"", ""timestamp"": 1606976384165, ""helpful_vote"": 0, ""verified_purchase"": true}"
"{""rating"":","4.0,","""title"":","""ASURION 2 Year Portable Electronic Accident Protection Plan with Tech Support $150-174.99"", ""text"": ""good to have security just in case: not expecting any trouble tho. . ."", ""images"": [], ""asin"": ""B07P97SHQP"", ""parent_asin"": ""B07P97SHQP"", ""user_id"": ""AEFKF6R2GUSK2AWPSWRR4ZO36JVQ"", ""timestamp"": 1606976242921, ""helpful_vote"": 0, ""verified_purchase"": true}"
"{""rating"":","5.0,","""title"":","""TOTO A6 Double Din Android Car Navigation Stereo with Dual Bluetooth - Standard A6Y2710SB"", ""text"": ""excellent radio: even tho I worked at an auto repair shop, installation was easy even for a novice user:<br />customer service is awesome: I had not registered my radio yet and they replied to my question within a<br />week or so . . . .<br />sorry no picture, because I'm waiting on a radio dash install kit for aftermarket radio: right now there is a gap on the sides, but that does not bother me nor"
"{""rating"":","4.0,","""title"":","""Double Din Car Stereo GPS Navigation for Car 6.2 Inch Touch Screen"", ""text"": ""this item was gift; friend likes it so far; still testing. . . . .likes the knob controls . . . ."", ""images"": [], ""asin"": ""B07WPY2W4Y"", ""parent_asin"": ""B07WPY2W4Y"", ""user_id"": ""AEFKF6R2GUSK2AWPSWRR4ZO36JVQ"", ""timestamp"": 1602739379388, ""helpful_vote"": 0, ""verified_purchase"": true}"
"{""rating"":","4.0,","""title"":","""Dual Electronics XDVD276BT 6.2\"" LCD Touch Screen Double Din"", ""text"": ""easy install. . . . all options worked. . . .<br />just screen is a little dark. . . even more when lights are turned on . . . . .<br /><br />I would recommend buying this unit"", ""images"": [], ""asin"": ""B083Z3QCY6"", ""parent_asin"": ""B083Z3QCY6"", ""user_id"": ""AEFKF6R2GUSK2AWPSWRR4ZO36JVQ"", ""timestamp"": 1601415558295, ""helpful_vote"": 2, ""verified_purchase"": true}"
"{""rating"":","4.0,","""title"":","""good product at a decent price"", ""text"": ""a nice set of assortment screws for computer . . ."", ""images"": [], ""asin"": ""B07F71KFMQ"", ""parent_asin"": ""B07F71KFMQ"", ""user_id"": ""AEFKF6R2GUSK2AWPSWRR4ZO36JVQ"", ""timestamp"": 1571208636737, ""helpful_vote"": 0, ""verified_purchase"": true}"
"{""rating"":","4.0,","""title"":","""assemble as instructed"", ""text"": ""this was a gift / my friend says he liked it / it was what he thought it was / he likes the idea of open computer . . ."", ""images"": [], ""asin"": ""B07547WSQQ"", ""parent_asin"": ""B07547WSQQ"", ""user_id"": ""AEFKF6R2GUSK2AWPSWRR4ZO36JVQ"", ""timestamp"": 1571208521372, ""helpful_vote"": 0, ""verified_purchase"": true}"
"{""rating"":","4.0,","""title"":","""use as intended"", ""text"": ""looks like original / wouldn't tell the difference if it didn't say replacement . . ."", ""images"": [], ""asin"": ""B07P7KG4TJ"", ""parent_asin"": ""B07P7KG4TJ"", ""user_id"": ""AEFKF6R2GUSK2AWPSWRR4ZO36JVQ"", ""timestamp"": 1571208205557, ""helpful_vote"": 0, ""verified_purchase"": true}"
"{""rating"":","4.0,","""title"":","""good product at a decent price"", ""text"": ""haven't used any yet. . . .needed some extra cables when I'm ready to install more SSD's. . ."", ""images"": [], ""asin"": ""B01LYC6A8M"", ""parent_asin"": ""B01LYC6A8M"", ""user_id"": ""AEFKF6R2GUSK2AWPSWRR4ZO36JVQ"", ""timestamp"": 1560379116204, ""helpful_vote"": 0, ""verified_purchase"": true}"
"{""rating"":","5.0,","""title"":","""good product at a decent price"", ""text"": ""perfect fit in 3.5 slot. . .the dual holder allows to install extra SSD any time. . . or you can go with a HDD for more storage space"", ""images"": [], ""asin"": ""B016498CK0"", ""parent_asin"": ""B0B2Y5WYRG"", ""user_id"": ""AEFKF6R2GUSK2AWPSWRR4ZO36JVQ"", ""timestamp"": 1560378947332, ""helpful_vote"": 0, ""verified_purchase"": true}"
"{""rating"":","5.0,","""title"":","""good product at a decent price"", ""text"": ""easy install in my HP computer, perfect fit/ no problems with clean install win 10/very satisfied. . ."", ""images"": [], ""asin"": ""B0781Z7Y3S"", ""parent_asin"": ""B08KG14KCT"", ""user_id"": ""AEFKF6R2GUSK2AWPSWRR4ZO36JVQ"", ""timestamp"": 1560378722775, ""helpful_vote"": 0, ""verified_purchase"": true}"
"{""rating"":","5.0,","""title"":","""good product at a decent price"", ""text"": ""using this addlink in a desktop and my laptop / easy install. . . perfect fits. . .did help increase speed of my computers. . ."", ""images"": [], ""asin"": ""B0791DC3PW"", ""parent_asin"": ""B09FF1RNDT"", ""user_id"": ""AEFKF6R2GUSK2AWPSWRR4ZO36JVQ"", ""timestamp"": 1560378510311, ""helpful_vote"": 0, ""verified_purchase"": true}"
"{""rating"":","3.0,","""title"":","""supernight bluetooth keyboard"", ""text"": ""this was a gift. . . he said he liked it. . . . .that's all the info I have on this item. . :("", ""images"": [], ""asin"": ""B00FGI4C14"", ""parent_asin"": ""B00FGI4C14"", ""user_id"": ""AEFKF6R2GUSK2AWPSWRR4ZO36JVQ"", ""timestamp"": 1556496563960, ""helpful_vote"": 0, ""verified_purchase"": true}"
"{""rating"":","3.0,","""title"":","""Dual dash cam"", ""text"": ""wife wasn't satisfied with overall operation. . . .I liked it tho, but had to put it back in the box"", ""images"": [], ""asin"": ""B07B4BF3KT"", ""parent_asin"": ""B07B4BF3KT"", ""user_id"": ""AEFKF6R2GUSK2AWPSWRR4ZO36JVQ"", ""timestamp"": 1556496350059, ""helpful_vote"": 0, ""verified_purchase"": true}"
"{""rating"":","5.0,","""title"":","""Wavlink"", ""text"": ""used once to test it out. . . . .worked great. . . I liked it. . ."", ""images"": [], ""asin"": ""B07C9RSZFM"", ""parent_asin"": ""B08XBLP2V8"", ""user_id"": ""AEFKF6R2GUSK2AWPSWRR4ZO36JVQ"", ""timestamp"": 1556495697617, ""helpful_vote"": 0, ""verified_purchase"": true}"
"{""rating"":","5.0,","""title"":","""16g cork usb"", ""text"": ""it worked fine / great conversation piece too!"", ""images"": [], ""asin"": ""B018S7DPU8"", ""parent_asin"": ""B018S7DPU8"", ""user_id"": ""AEFKF6R2GUSK2AWPSWRR4ZO36JVQ"", ""timestamp"": 1538613893334, ""helpful_vote"": 0, ""verified_purchase"": true}"
"{""rating"":","5.0,","""title"":","""Five Stars"", ""text"": ""perfect item for a novices user as I am. . ."", ""images"": [], ""asin"": ""B00MYU0E0K"", ""parent_asin"": ""B00MYU0E0K"", ""user_id"": ""AEFKF6R2GUSK2AWPSWRR4ZO36JVQ"", ""timestamp"": 1533024545470, ""helpful_vote"": 0, ""verified_purchase"": true}"
"{""rating"":","5.0,","""title"":","""Five Stars"", ""text"": ""Great hard drive for the price! Installed with no issues in wife's Dell computer: She's very satisfied:"", ""images"": [], ""asin"": ""B000Q85WOK"", ""parent_asin"": ""B000Q85WOK"", ""user_id"": ""AEFKF6R2GUSK2AWPSWRR4ZO36JVQ"", ""timestamp"": 1532072088895, ""helpful_vote"": 0, ""verified_purchase"": true}"
"{""rating"":","5.0,","""title"":","""Five Stars"", ""text"": ""Great little device!"", ""images"": [], ""asin"": ""B01KWY71BO"", ""parent_asin"": ""B01KWY71BO"", ""user_id"": ""AEFKF6R2GUSK2AWPSWRR4ZO36JVQ"", ""timestamp"": 1532071758130, ""helpful_vote"": 0, ""verified_purchase"": true}"
"{""rating"":","4.0,","""title"":","""Four Stars"", ""text"": ""Good warranty!"", ""images"": [], ""asin"": ""B008I64LC6"", ""parent_asin"": ""B008I64LC6"", ""user_id"": ""AEFKF6R2GUSK2AWPSWRR4ZO36JVQ"", ""timestamp"": 1532071574087, ""helpful_vote"": 0, ""verified_purchase"": true}"
"{""rating"":","5.0,","""title"":","""Glad I browsed through Amazon and found it"", ""text"": ""Works perfectly: Glad I browsed through Amazon and found it:"", ""images"": [], ""asin"": ""B079Y46M3N"", ""parent_asin"": ""B079Y46M3N"", ""user_id"": ""AEFKF6R2GUSK2AWPSWRR4ZO36JVQ"", ""timestamp"": 1532071498050, ""helpful_vote"": 0, ""verified_purchase"": true}"
"{""rating"":","3.0,","""title"":","""Three Stars"", ""text"": ""It looked okay, but the camera was faulty: had to return item :("", ""images"": [], ""asin"": ""B01MZ45YUU"", ""parent_asin"": ""B01MZ45YUU"", ""user_id"": ""AEFKF6R2GUSK2AWPSWRR4ZO36JVQ"", ""timestamp"": 1532071361162, ""helpful_vote"": 0, ""verified_purchase"": true}"
"{""rating"":","5.0,","""title"":","""Five Stars"", ""text"": ""Great camera! i am really pleased: Just what I was looking for. . ."", ""images"": [], ""asin"": ""B074V4CWFD"", ""parent_asin"": ""B074V4CWFD"", ""user_id"": ""AEFKF6R2GUSK2AWPSWRR4ZO36JVQ"", ""timestamp"": 1532071264670, ""helpful_vote"": 0, ""verified_purchase"": true}"
"{""rating"":","3.0,","""title"":","""Three Stars"", ""text"": ""good to know I have if needed. . ."", ""images"": [], ""asin"": ""B0083J8DFY"", ""parent_asin"": ""B0083J8DFY"", ""user_id"": ""AEFKF6R2GUSK2AWPSWRR4ZO36JVQ"", ""timestamp"": 1474373146000, ""helpful_vote"": 0, ""verified_purchase"": true}"
"{""rating"":","5.0,","""title"":","""Five Stars"", ""text"": ""good wiring kit; everything we needed to install amp and subs"", ""images"": [], ""asin"": ""B000FKP7TY"", ""parent_asin"": ""B09N7SXX1X"", ""user_id"": ""AEFKF6R2GUSK2AWPSWRR4ZO36JVQ"", ""timestamp"": 1474373024000, ""helpful_vote"": 0, ""verified_purchase"": true}"
"{""rating"":","5.0,","""title"":","""Five Stars"", ""text"": ""perfect fit. . . this shade of blue matches the lavender tablet"", ""images"": [], ""asin"": ""B00X4XEBTQ"", ""parent_asin"": ""B00X4XEBTQ"", ""user_id"": ""AEFKF6R2GUSK2AWPSWRR4ZO36JVQ"", ""timestamp"": 1474372166000, ""helpful_vote"": 0, ""verified_purchase"": false}"
"{""rating"":","4.0,","""title"":","""GOOD ITEM."", ""text"": ""WORKS AS PROMISED. . .GOOD ITEM. . ."", ""images"": [], ""asin"": ""B001CJOLBW"", ""parent_asin"": ""B001CJOLBW"", ""user_id"": ""AEFKF6R2GUSK2AWPSWRR4ZO36JVQ"", ""timestamp"": 1414899483000, ""helpful_vote"": 0, ""verified_purchase"": true}"
"{""rating"":","5.0,","""title"":","""Five Stars"", ""text"": ""WORTH THE MONEY; VERY GOOD BACK-UP AMP; LIKE ALL THE EXTRAS. . ."", ""images"": [], ""asin"": ""B0032FOKME"", ""parent_asin"": ""B0032FOKME"", ""user_id"": ""AEFKF6R2GUSK2AWPSWRR4ZO36JVQ"", ""timestamp"": 1411381479000, ""helpful_vote"": 0, ""verified_purchase"": true}"
"{""rating"":","5.0,","""title"":","""TP-LINK TL-WR740N WIRELESS ROUTER"", ""text"": ""tried two other routers: they worked for a while but begain to loose their continuity: I read upom the TP-LINK Router and liked the specs and the price wasn't bad either: connected the first time and have not expirienced any problems even when we lost power... router came back up with noooo problems"", ""images"": [], ""asin"": ""B002WBX7TQ"", ""parent_asin"": ""B002WBX7TQ"", ""user_id"": ""AEFKF6R2GUSK2AWPSWRR4ZO36JVQ"", ""timestamp"": 1373178197000, ""helpful_vote"": 0,"
"{""rating"":","4.0,","""title"":","""6ft RCA Cable"", ""text"": ""i use this cable to connect my satelite box to the tv: works great: clear picture and sound: even had a little bit extra which is good"", ""images"": [], ""asin"": ""B000V0DY7U"", ""parent_asin"": ""B07CB22VVJ"", ""user_id"": ""AEFKF6R2GUSK2AWPSWRR4ZO36JVQ"", ""timestamp"": 1364085496000, ""helpful_vote"": 0, ""verified_purchase"": true}"
"{""rating"":","4.0,","""title"":","""6ft Gold Plated S-Video Cable"", ""text"": ""I use this in conjuction with the HDE VGA RAC/S-Video Adapter: did not have to re-arange any furnishings in my bedroom: this cable allowed me to connect my pc to the tv: good clear picture"", ""images"": [], ""asin"": ""B0002MQGK4"", ""parent_asin"": ""B0002MQGK4"", ""user_id"": ""AEFKF6R2GUSK2AWPSWRR4ZO36JVQ"", ""timestamp"": 1364085267000, ""helpful_vote"": 0, ""verified_purchase"": true}"
"{""rating"":","4.0,","""title"":","""HDE VGA RCA adapter"", ""text"": ""sometimes in my room I watch movies on my computer: this adapter allows me to watch on a bigger screen: since the tv I'm using is an older model, this adapter is perfect: clear picture"", ""images"": [], ""asin"": ""B0092TGP4A"", ""parent_asin"": ""B0092TGP4A"", ""user_id"": ""AEFKF6R2GUSK2AWPSWRR4ZO36JVQ"", ""timestamp"": 1364085263000, ""helpful_vote"": 6, ""verified_purchase"": true}"
"{""rating"":","5.0,","""title"":","""16ft USB booster extension cable"", ""text"": ""due to the location and arrangement of my computer components, this cable was a life saver. my printer is kind of far away from the computer: this cable was perfect. . ."", ""images"": [], ""asin"": ""B00552PA7G"", ""parent_asin"": ""B00552PA7G"", ""user_id"": ""AEFKF6R2GUSK2AWPSWRR4ZO36JVQ"", ""timestamp"": 1364084449000, ""helpful_vote"": 0, ""verified_purchase"": true}"
"{""rating"":","5.0,","""title"":","""male to male svga cable"", ""text"": ""great item for the price; already had in mind how I was going to run cable: works like a charm"", ""images"": [], ""asin"": ""B0031VXJ7G"", ""parent_asin"": ""B07CDCX945"", ""user_id"": ""AEFKF6R2GUSK2AWPSWRR4ZO36JVQ"", ""timestamp"": 1360234553000, ""helpful_vote"": 0, ""verified_purchase"": true}"
"{""rating"":","4.0,","""title"":","""15ft VGA extension cable"", ""text"": ""used this cable to connect office wide screen tv to my computer. .it worked perfectly. clear picture. did what I expected it to do"", ""images"": [], ""asin"": ""B00008VF7L"", ""parent_asin"": ""B07BYZBG2X"", ""user_id"": ""AEFKF6R2GUSK2AWPSWRR4ZO36JVQ"", ""timestamp"": 1360234417000, ""helpful_vote"": 0, ""verified_purchase"": true}"
"{""rating"":","5.0,","""title"":","""2 Display Spitters"", ""text"": ""awsome. . .just what I was looking for. . .came on time; works great; going to have to order more for friends"", ""images"": [], ""asin"": ""B000FI2EAG"", ""parent_asin"": ""B07CBLV151"", ""user_id"": ""AEFKF6R2GUSK2AWPSWRR4ZO36JVQ"", ""timestamp"": 1360234179000, ""helpful_vote"": 1, ""verified_purchase"": true}"
"{""rating"":","3.0,","""title"":","""6ft VGA to RCA"", ""text"": ""this was a perfectly good item, but I could not use it: I ordered the wrong cable. . .It came on time as promised. I gave it to a friend, and he is happy with it. . ."", ""images"": [], ""asin"": ""B000SJ2TJ8"", ""parent_asin"": ""B000SJ2TJ8"", ""user_id"": ""AEFKF6R2GUSK2AWPSWRR4ZO36JVQ"", ""timestamp"": 1360233955000, ""helpful_vote"": 0, ""verified_purchase"": true}"
"{""rating"":","5.0,","""title"":","""ASUS MONITOR"", ""text"": ""MONITOR IS EVERYTHING i THOUGHT IT WOULD BE AND MORE. REALLY LIKE THE \""PICTURE-N-PICTURE OPTION. NO DAMAGE IN SHIPPING AND ARIVED WITH IN THE TIME SPECIFICED. I WOULD HIGHLY RECOMMEND THIS MONITOR FOR ANY COMPUTER SYSTEM ESPECIALLY IF YOU USE YOUR COMPUTER TO WATCH TV OR MOVIES. . .ONE TINY LITTLE THING THOO; THE MONITOR SPECKERS ARN'T THAT GREAT, BUT I USE OTHER SPEAKERS ANYWAY. A GOOD MONITOR FOR THE PRICE. MY FRIENDS ALL THOUGHT IT COSTS MUCH MORE."", ""images"": [], ""asin"""
"{""rating"":","5.0,","""title"":","""Go for it if you like legos"", ""text"": ""Good stuff. Literally a lego fitted to be a key cap. Probably wouldn\u2019t spend another $25 on it for myself, but good craftsmanship."", ""images"": [], ""asin"": ""B084JBVY4S"", ""parent_asin"": ""B084JBVY4S"", ""user_id"": ""AFO6QN6ICKWUFQV3UEWK5EECIQTQ"", ""timestamp"": 1604683658037, ""helpful_vote"": 2, ""verified_purchase"": true}"
"{""rating"":","5.0,","""title"":","""... for a birthday and I already know he will love it because I sure do"", ""text"": ""Got it for my boyfriend for a birthday and I already know he will love it because I sure do."", ""images"": [], ""asin"": ""B0073HSJR4"", ""parent_asin"": ""B0075VFKI4"", ""user_id"": ""AFO6QN6ICKWUFQV3UEWK5EECIQTQ"", ""timestamp"": 1437870001000, ""helpful_vote"": 0, ""verified_purchase"": true}"
"{""rating"":","5.0,","""title"":","""Five Stars"", ""text"": ""Perfect condition. Would recommend to anybody."", ""images"": [], ""asin"": ""B007JRB0RE"", ""parent_asin"": ""B009RUZ7TS"", ""user_id"": ""AFO6QN6ICKWUFQV3UEWK5EECIQTQ"", ""timestamp"": 1437787267000, ""helpful_vote"": 0, ""verified_purchase"": true}"
"{""rating"":","5.0,","""title"":","""Perfect"", ""text"": ""This is exactly what we needed for our new Arlo Cameras and the best price!"", ""images"": [], ""asin"": ""B071CMGRLL"", ""parent_asin"": ""B071CMGRLL"", ""user_id"": ""AH4MB6HER73XDOV6I4ICPNT24YQQ"", ""timestamp"": 1546457863630, ""helpful_vote"": 0, ""verified_purchase"": true}"
"{""rating"":","3.0,","""title"":","""Bad standby life"", ""text"": ""These batteries during use have a good life. Standby life is poor. They discharge in 7/10 days of standby. For a recreational photographer this limiting."", ""images"": [], ""asin"": ""B006ZZXVCI"", ""parent_asin"": ""B006ZZXVCI"", ""user_id"": ""AHFY2QSS6PK5MHSYZFI6TXUYNPLQ"", ""timestamp"": 1590503106817, ""helpful_vote"": 0, ""verified_purchase"": true}"
"{""rating"":","5.0,","""title"":","""Refurbished and satisfied"", ""text"": ""My granddaughter is overjoyed!"", ""images"": [], ""asin"": ""B01DFKC6CQ"", ""parent_asin"": ""B01DFKC6CQ"", ""user_id"": ""AGMJ3EMDVL6OWBJF7CA5RGJLXN5A"", ""timestamp"": 1550433425841, ""helpful_vote"": 0, ""verified_purchase"": true}"
"{""rating"":","5.0,","""title"":","""VERY EXPENSIVE"", ""text"": ""My Grandaughter was VERY HAPPY"", ""images"": [], ""asin"": ""B075L97BGR"", ""parent_asin"": ""B07P9W1SMH"", ""user_id"": ""AGMJ3EMDVL6OWBJF7CA5RGJLXN5A"", ""timestamp"": 1549140939410, ""helpful_vote"": 0, ""verified_purchase"": true}"
"{""rating"":","5.0,","""title"":","""Five Stars"", ""text"": ""great gift from wife."", ""images"": [], ""asin"": ""B01J94YIT6"", ""parent_asin"": ""B01M3ULMWP"", ""user_id"": ""AFWHJ6O3PV4JC7PVOJH6CPULO2KQ"", ""timestamp"": 1524768302342, ""helpful_vote"": 0, ""verified_purchase"": true}"
"{""rating"":","1.0,","""title"":","""One Star"", ""text"": ""ordered wrong size. Returned!"", ""images"": [], ""asin"": ""B071HXSW4Y"", ""parent_asin"": ""B071HXSW4Y"", ""user_id"": ""AFWHJ6O3PV4JC7PVOJH6CPULO2KQ"", ""timestamp"": 1524768017909, ""helpful_vote"": 0, ""verified_purchase"": true}"
"{""rating"":","5.0,","""title"":","""Five Stars"", ""text"": ""Just what was needed."", ""images"": [], ""asin"": ""B00M77HMU0"", ""parent_asin"": ""B0CCDMQZM7"", ""user_id"": ""AFWHJ6O3PV4JC7PVOJH6CPULO2KQ"", ""timestamp"": 1524767516997, ""helpful_vote"": 0, ""verified_purchase"": true}"
"{""rating"":","1.0,","""title"":","""Did not fit"", ""text"": ""This cover does not fit my Kindle, so I guess Im stuck with it! Not very happy with this item."", ""images"": [], ""asin"": ""B005HSG31K"", ""parent_asin"": ""B005HSG31K"", ""user_id"": ""AFWHJ6O3PV4JC7PVOJH6CPULO2KQ"", ""timestamp"": 1402777805000, ""helpful_vote"": 0, ""verified_purchase"": true}"
"{""rating"":","3.0,","""title"":","""You get what you pay for I guess."", ""text"": ""I'm giving it three stars because, although the case and keyboard cover are good (I really like those), the sleeve has already started ripping. I haven't even had this for a week. It's kind of disappointing actually. I love the colors of the case and keyboard cover though! But for the sake of the sleeve, which I thought was essential, I have to give it a sleeve."", ""images"": [], ""asin"": ""B00D2J8558"", ""parent_asin"": ""B00D2J8558"", ""user_id"": ""AEZGPLOYTSAPR3"
"{""rating"":","1.0,","""title"":","""These do not stick - pretty much useless."", ""text"": ""These do not stick.  They fall off almost immediately.  Pretty much useless."", ""images"": [], ""asin"": ""B0BFVZ8M2D"", ""parent_asin"": ""B0BFHVDPTG"", ""user_id"": ""AHCPZDDPHJE3G7M6ST5WGRPLXHOA"", ""timestamp"": 1678797076214, ""helpful_vote"": 0, ""verified_purchase"": true}"
"{""rating"":","5.0,","""title"":","""Great little gadget!"", ""text"": ""Works exactly as described!  \ud83d\udc4d"", ""images"": [], ""asin"": ""B08MV99RNV"", ""parent_asin"": ""B08N4M55K5"", ""user_id"": ""AHCPZDDPHJE3G7M6ST5WGRPLXHOA"", ""timestamp"": 1650590494801, ""helpful_vote"": 0, ""verified_purchase"": true}"
"{""rating"":","5.0,","""title"":","""Good TV for the price."", ""text"": ""The tv overall is really good.  Good picture and better sound quality than I expected.  The user interface is quick and responsive.  I did get a little frustrated with some of the initial set up  - but nothing too bad.  The remote seems a bit on the cheap side - but it works well."", ""images"": [], ""asin"": ""B08P4WR6XB"", ""parent_asin"": ""B0945WPX5W"", ""user_id"": ""AHCPZDDPHJE3G7M6ST5WGRPLXHOA"", ""timestamp"": 1650463455243, ""helpful_vote"": 0, ""verified_purchase"": true}"
"{""rating"":","5.0,","""title"":","""These work Great."", ""text"": ""These are the best and most reasonably priced earbuds I have ever had.  I use them when I run and they consistently perform well."", ""images"": [], ""asin"": ""B09K7K5J3N"", ""parent_asin"": ""B09K7K5J3N"", ""user_id"": ""AHCPZDDPHJE3G7M6ST5WGRPLXHOA"", ""timestamp"": 1646223741743, ""helpful_vote"": 0, ""verified_purchase"": true}"
"{""rating"":","4.0,","""title"":","""Great picture - not so great mic"", ""text"": ""Great picture quality - but the mic doesn't work as well."", ""images"": [], ""asin"": ""B084ZJFNKN"", ""parent_asin"": ""B084ZJFNKN"", ""user_id"": ""AHCPZDDPHJE3G7M6ST5WGRPLXHOA"", ""timestamp"": 1631912742152, ""helpful_vote"": 0, ""verified_purchase"": true}"
"{""rating"":","5.0,","""title"":","""Great small speaker.  Good sound for its size."", ""text"": ""This is a great little speaker.  Has really good sound for its size.  Very good battery life as well.  There are more expensive speakers available that have better sound quality - but this one is really good for the price."", ""images"": [], ""asin"": ""B01MTB55WH"", ""parent_asin"": ""B0B3T4JWN9"", ""user_id"": ""AHCPZDDPHJE3G7M6ST5WGRPLXHOA"", ""timestamp"": 1594809004571, ""helpful_vote"": 0, ""verified_purchase"": true}"
"{""rating"":","4.0,","""title"":","""Great Buds for use in an office or other similar locations."", ""text"": ""These are great inexpensive ear buds.  My only complaint would be  lack of bass in the music.  Other than that, these are a good low-cost selection for some wireless buds.  I use mine every day at work."", ""images"": [], ""asin"": ""B07S5JVP78"", ""parent_asin"": ""B07S5JVP78"", ""user_id"": ""AHCPZDDPHJE3G7M6ST5WGRPLXHOA"", ""timestamp"": 1584569430726, ""helpful_vote"": 0, ""verified_purchase"": true}"
"{""rating"":","5.0,","""title"":","""This thing is really great!!!"", ""text"": ""Easy to use - great battery life - pretty good sound for such a small speaker!  What else could you want??  Definitely worth the money."", ""images"": [], ""asin"": ""B016XTADG2"", ""parent_asin"": ""B0935ZDCYD"", ""user_id"": ""AHCPZDDPHJE3G7M6ST5WGRPLXHOA"", ""timestamp"": 1552148401603, ""helpful_vote"": 0, ""verified_purchase"": true}"
"{""rating"":","5.0,","""title"":","""Great tablet!"", ""text"": ""This replaced an old Ipad that I had and it is so much better.  Really fast and has a crisp/clear display"", ""images"": [], ""asin"": ""B01MSPQ4TL"", ""parent_asin"": ""B075LX7S6B"", ""user_id"": ""AHCPZDDPHJE3G7M6ST5WGRPLXHOA"", ""timestamp"": 1548623818849, ""helpful_vote"": 0, ""verified_purchase"": true}"
"{""rating"":","5.0,","""title"":","""High quality and sturdy."", ""text"": ""Exactly as advertised.  Worth the money."", ""images"": [], ""asin"": ""B001L5SN5M"", ""parent_asin"": ""B001L5SN5M"", ""user_id"": ""AHCPZDDPHJE3G7M6ST5WGRPLXHOA"", ""timestamp"": 1548623480669, ""helpful_vote"": 0, ""verified_purchase"": true}"
"{""rating"":","5.0,","""title"":","""Great Product"", ""text"": ""This is the second one of these I have purchased over the years.  I workout a lot and my Ipod goes with me every time.  This case stands up well to a lot of use."", ""images"": [], ""asin"": ""B000WOIFO2"", ""parent_asin"": ""B000WOIFO2"", ""user_id"": ""AHCPZDDPHJE3G7M6ST5WGRPLXHOA"", ""timestamp"": 1393687975000, ""helpful_vote"": 0, ""verified_purchase"": true}"
"{""rating"":","5.0,","""title"":","""Awesome Sound Quality"", ""text"": ""The ear buds take a little getting used to  -  but the music quality is OUT OF THIS WORLD!!  Awesome!"", ""images"": [], ""asin"": ""B00365EB3I"", ""parent_asin"": ""B00365EB3I"", ""user_id"": ""AHCPZDDPHJE3G7M6ST5WGRPLXHOA"", ""timestamp"": 1293021749000, ""helpful_vote"": 1, ""verified_purchase"": true}"
"{""rating"":","4.0,","""title"":","""My money well spent ,,"", ""text"": ""I like nice n thickness, and compact  iam going to buy me another one."", ""images"": [], ""asin"": ""B07XZ1YDKP"", ""parent_asin"": ""B07XZ1YDKP"", ""user_id"": ""AFUZ5E7QAHSVTLIY253GFAYZPN2Q"", ""timestamp"": 1613535143001, ""helpful_vote"": 0, ""verified_purchase"": true}"
"{""rating"":","1.0,","""title"":","""Scary"", ""text"": ""One of the chargers gets scary hot. I can\u2019t even use it. The chargers are inconsistent and do not always work. When they work it\u2019s a very slow charge."", ""images"": [], ""asin"": ""B09CD8GVY5"", ""parent_asin"": ""B09CD8GVY5"", ""user_id"": ""AHXBL3QDWZGJYH7A5CMPFNUPMF7Q"", ""timestamp"": 1652269033002, ""helpful_vote"": 0, ""verified_purchase"": true}"
"{""rating"":","1.0,","""title"":","""Customer service is not okay"", ""text"": ""Set up is very easy. The video is pretty good. I paid for a year of CAM Plus and I am still only getting 12 second videos. The 12 second videos tend to be the person walking away. Not helpful. I did a chat with Wyze support. Their suggestion did not help. I called and talked with support. Their suggestions did not help. He told me he would send a request to \u201ctier 2\u201d and they will contact me by email. They never did. It\u2019s been a full week. Custo"
"{""rating"":","5.0,","""title"":","""Wonderful"", ""text"": ""Takes beautiful pictures and easy to use. Came with tons of fantastic products."", ""images"": [], ""asin"": ""B01D0PVYH4"", ""parent_asin"": ""B01D0PVYH4"", ""user_id"": ""AHXBL3QDWZGJYH7A5CMPFNUPMF7Q"", ""timestamp"": 1502497660099, ""helpful_vote"": 4, ""verified_purchase"": true}"
"{""rating"":","5.0,","""title"":","""Great headphones"", ""text"": ""Got these a few years ago, loved them then and now. Great sound, battery is great, all around 5 star product!"", ""images"": [], ""asin"": ""B017SJKHIK"", ""parent_asin"": ""B017SJKHIK"", ""user_id"": ""AGMXMZWCPYOPWYT3AGRU25Y7QLOQ"", ""timestamp"": 1551098024544, ""helpful_vote"": 0, ""verified_purchase"": true}"
"{""rating"":","5.0,","""title"":","""Good charger"", ""text"": ""Hopefully theses last longer that the last two sets from different companies so far so good"", ""images"": [], ""asin"": ""B09TQXKWST"", ""parent_asin"": ""B0BWNQZT64"", ""user_id"": ""AGPR2UDFIJJCBA3EKFEEAJBWKROQ"", ""timestamp"": 1675347222917, ""helpful_vote"": 1, ""verified_purchase"": true}"
"{""rating"":","5.0,","""title"":","""Bad customer service"", ""text"": ""Stopped working in less than o month. Amazon was not helpful in getting replacement wanted me to send it back for repair even though it was listed for return for another month. Bad bad customer service"", ""images"": [], ""asin"": ""B07YNLBS7R"", ""parent_asin"": ""B08F9ZCTCL"", ""user_id"": ""AGPR2UDFIJJCBA3EKFEEAJBWKROQ"", ""timestamp"": 1671550358512, ""helpful_vote"": 2, ""verified_purchase"": true}"
"{""rating"":","5.0,","""title"":","""Makes reading easy"", ""text"": ""When I use the kindle app it\u2019s perfect for holding my ipad"", ""images"": [], ""asin"": ""B08F9NJMW7"", ""parent_asin"": ""B08F9NJMW7"", ""user_id"": ""AGPR2UDFIJJCBA3EKFEEAJBWKROQ"", ""timestamp"": 1643752429281, ""helpful_vote"": 0, ""verified_purchase"": true}"
"{""rating"":","5.0,","""title"":","""Works great"", ""text"": ""Product was as it was described. Didn\u2019t come with earbuds like a brand new iPad though"", ""images"": [], ""asin"": ""B01L2VGEQE"", ""parent_asin"": ""B01L2VGEQE"", ""user_id"": ""AGPR2UDFIJJCBA3EKFEEAJBWKROQ"", ""timestamp"": 1632614999311, ""helpful_vote"": 1, ""verified_purchase"": true}"
"{""rating"":","5.0,","""title"":","""Five Stars"", ""text"": ""Easy to use good sound quality nice and small perfect For the deck"", ""images"": [], ""asin"": ""B010OYASRG"", ""parent_asin"": ""B0BW4PFM58"", ""user_id"": ""AGPR2UDFIJJCBA3EKFEEAJBWKROQ"", ""timestamp"": 1516990377487, ""helpful_vote"": 0, ""verified_purchase"": true}"
"{""rating"":","1.0,","""title"":","""One Star"", ""text"": ""Crap"", ""images"": [], ""asin"": ""B00MNB1OD6"", ""parent_asin"": ""B00MNB1OD6"", ""user_id"": ""AGPR2UDFIJJCBA3EKFEEAJBWKROQ"", ""timestamp"": 1455295636000, ""helpful_vote"": 0, ""verified_purchase"": true}"
"{""rating"":","5.0,","""title"":","""good quality, well detailed. note: I glued it to a disc wallet"", ""text"": ""i made no attempt to iron it on or sew it to fabric. looks great though"", ""images"": [], ""asin"": ""B00TIRFCXQ"", ""parent_asin"": ""B00TIRFCXQ"", ""user_id"": ""AG6BAEKWLCWH2TW3KKLVK773YF6A"", ""timestamp"": 1628906577074, ""helpful_vote"": 0, ""verified_purchase"": true}"
"{""rating"":","4.0,","""title"":","""Works great for 1080p PC gaming. 4K remains a mystery to me"", ""text"": ""do discernable lag in spite of 30' length<br /><br />good audio and video quality, however 2160p and htz over 60 are both capabilities impossible for me to test<br /><br />widthstood being nailed to baseboards, over 2 ethernet cables, with 3/4\"" plastic staples"", ""images"": [], ""asin"": ""B077TZM7D5"", ""parent_asin"": ""B08N51H3LB"", ""user_id"": ""AG6BAEKWLCWH2TW3KKLVK773YF6A"", ""timestamp"": 1621923303423, ""helpful_vote"": 0, ""verified_pur"
"{""rating"":","5.0,","""title"":","""Screen protectors"", ""text"": ""As long as you follow the directions EXACTLY, it\u2019s easy to apply"", ""images"": [], ""asin"": ""B09DCR15L7"", ""parent_asin"": ""B09KRX2QJC"", ""user_id"": ""AHOEIYJJHZ7ITX75BOFQYNXVVJQQ"", ""timestamp"": 1677845459106, ""helpful_vote"": 0, ""verified_purchase"": true}"
"{""rating"":","5.0,","""title"":","""CIYUPE Tablet Pillow Stand, Tablet Holder (grey)"", ""text"": ""CIYUPE Tablet Pillow Stand, Tablet Holder Dock for Bed with 6 Viewing Angles, Compatible with iPad Pro 9.7, 10.5,12.9 Air Mini 4 3, Kindle, Galaxy Tab, E-Reader and Books (Grey). It is great at holding tablets and phones at whatever angle of its 6 possible positions is most appropriate. Comfortable to use, takes pressure off hands/wrists when using"", ""images"": [], ""asin"": ""B09V28Y3HH"", ""parent_asin"": ""B09V28Y3HH"", ""user_id"": ""AHOEIYJJHZ7IT"
"{""rating"":","5.0,","""title"":","""Apple charging wires"", ""text"": ""The multiple lengths come in handy for different uses. The 3 foot wire is perfect for in the car while the 6 &.10 foot wires are perfect for the desk, couch, or bed."", ""images"": [], ""asin"": ""B093D8MB4X"", ""parent_asin"": ""B0C5XK6534"", ""user_id"": ""AHOEIYJJHZ7ITX75BOFQYNXVVJQQ"", ""timestamp"": 1661433539246, ""helpful_vote"": 0, ""verified_purchase"": true}"
"{""rating"":","4.0,","""title"":","""Pink fire wires"", ""text"": ""1of the 3 died immediately after purchase. It lasted maybe a week. The others are fine & I haven\u2019t had a problem with them. But I bought 3 because I needed 3, not 2."", ""images"": [], ""asin"": ""B094X6WWVN"", ""parent_asin"": ""B0BTHV3YSV"", ""user_id"": ""AHOEIYJJHZ7ITX75BOFQYNXVVJQQ"", ""timestamp"": 1659507904300, ""helpful_vote"": 0, ""verified_purchase"": true}"
"{""rating"":","5.0,","""title"":","""Perfect for our cruise & beyond."", ""text"": ""I would definitely recommend this for a cruise or a bedside table. We are continuing to use it at our charging station."", ""images"": [], ""asin"": ""B07TW5FVVP"", ""parent_asin"": ""B0BRKGSJKH"", ""user_id"": ""AGFNKUPLGHJ7X5IRLMJBDIMCLMKA"", ""timestamp"": 1649425073009, ""helpful_vote"": 0, ""verified_purchase"": true}"
"{""rating"":","5.0,","""title"":","""A great product"", ""text"": ""Fits great. Highly recommended this durable product"", ""images"": [], ""asin"": ""B00JQZJ4OS"", ""parent_asin"": ""B00JQZJ4OS"", ""user_id"": ""AGFNKUPLGHJ7X5IRLMJBDIMCLMKA"", ""timestamp"": 1542511552928, ""helpful_vote"": 0, ""verified_purchase"": true}"
"{""rating"":","5.0,","""title"":","""Great cover."", ""text"": ""It works like it should. Love the color."", ""images"": [], ""asin"": ""B08B3CFNKK"", ""parent_asin"": ""B08BJWB991"", ""user_id"": ""AHLC5H2CEWSAOXOA53VIIROLPZKA"", ""timestamp"": 1657624348819, ""helpful_vote"": 0, ""verified_purchase"": false}"
"{""rating"":","5.0,","""title"":","""Charging cord for ipod."", ""text"": ""Needed a new cord. And it works."", ""images"": [], ""asin"": ""B099X2QZ5P"", ""parent_asin"": ""B09JNRLN4W"", ""user_id"": ""AHLC5H2CEWSAOXOA53VIIROLPZKA"", ""timestamp"": 1649855719384, ""helpful_vote"": 0, ""verified_purchase"": true}"
"{""rating"":","5.0,","""title"":","""Right size for kids Kindle"", ""text"": ""After I received the butterfly bag I was not sure if my great niece's Kindle with the big rubber protector would fit. But it fits perfectly in this bag."", ""images"": [], ""asin"": ""B00S7IBV82"", ""parent_asin"": ""B07HHY1MWS"", ""user_id"": ""AHLC5H2CEWSAOXOA53VIIROLPZKA"", ""timestamp"": 1507807396012, ""helpful_vote"": 2, ""verified_purchase"": true}"
"{""rating"":","4.0,","""title"":","""Canon PowerShot ELPH"", ""text"": ""It will work just fine. But not for the camera I got it for, it's too big."", ""images"": [], ""asin"": ""B00IYM0Y2A"", ""parent_asin"": ""B00IYM0Y2A"", ""user_id"": ""AHLC5H2CEWSAOXOA53VIIROLPZKA"", ""timestamp"": 1490051732000, ""helpful_vote"": 0, ""verified_purchase"": true}"
"{""rating"":","5.0,","""title"":","""Gave it as a gift to my great niece to put her new Kindle Fire for kids ..."", ""text"": ""Gave it as a gift to my great niece to put her new Kindle Fire for kids in it. She already had Kindle in a rubber cover but it fits all of it and her charger. She loves it."", ""images"": [], ""asin"": ""B00RK1JTR2"", ""parent_asin"": ""B01HNL545Y"", ""user_id"": ""AHLC5H2CEWSAOXOA53VIIROLPZKA"", ""timestamp"": 1460921246000, ""helpful_vote"": 0, ""verified_purchase"": true}"
"{""rating"":","5.0,","""title"":","""awesome colors"", ""text"": ""can change for any holiday or time of year. holding up and fit nice. sime issues with them coming undone but not with all of them."", ""images"": [], ""asin"": ""B08RJ9J74X"", ""parent_asin"": ""B08RJJ97VW"", ""user_id"": ""AEQAYV7RXZEBXMQIQPL6KCT2CFWQ"", ""timestamp"": 1666812722382, ""helpful_vote"": 0, ""verified_purchase"": true}"
"{""rating"":","5.0,","""title"":","""Good quality"", ""text"": ""Perfect"", ""images"": [], ""asin"": ""B01KXHYDXO"", ""parent_asin"": ""B01KXHYDXO"", ""user_id"": ""AEQAYV7RXZEBXMQIQPL6KCT2CFWQ"", ""timestamp"": 1565312485934, ""helpful_vote"": 0, ""verified_purchase"": true}"
"{""rating"":","2.0,","""title"":","""Returned"", ""text"": ""Did not fit, returned"", ""images"": [], ""asin"": ""B071KJ97ZL"", ""parent_asin"": ""B071KJ97ZL"", ""user_id"": ""AEQAYV7RXZEBXMQIQPL6KCT2CFWQ"", ""timestamp"": 1565309451332, ""helpful_vote"": 0, ""verified_purchase"": true}"
"{""rating"":","1.0,","""title"":","""Returned"", ""text"": ""Unfourtunatly this did not fit, returned"", ""images"": [], ""asin"": ""B00WM563IO"", ""parent_asin"": ""B07QWP1RYY"", ""user_id"": ""AEQAYV7RXZEBXMQIQPL6KCT2CFWQ"", ""timestamp"": 1565309254882, ""helpful_vote"": 0, ""verified_purchase"": true}"
"{""rating"":","5.0,","""title"":","""Good buy"", ""text"": ""Works as expected, holding up good, no issues, good buy"", ""images"": [], ""asin"": ""B0772SXNSC"", ""parent_asin"": ""B0772SXNSC"", ""user_id"": ""AEQAYV7RXZEBXMQIQPL6KCT2CFWQ"", ""timestamp"": 1565309191878, ""helpful_vote"": 0, ""verified_purchase"": true}"
"{""rating"":","3.0,","""title"":","""Great tv it\u2019s just too wide to fit on the chest I was going to set it on"", ""text"": ""I  returned it because it was too wide for the chest I was going to set it on\u2026."", ""images"": [], ""asin"": ""B08BTZLBVT"", ""parent_asin"": ""B08W69YRFB"", ""user_id"": ""AFNT6ZJCYQN3WDIKUSWHJDXNND2Q"", ""timestamp"": 1676007193335, ""helpful_vote"": 0, ""verified_purchase"": true}"
"{""rating"":","5.0,","""title"":","""Smaller and lighter than expected.  Nice"", ""text"": ""Exactly as described"", ""images"": [], ""asin"": ""B073J9QWKY"", ""parent_asin"": ""B073J9QWKY"", ""user_id"": ""AHUVQ4UNB2JGV6MY4ZT75SZLPUBQ"", ""timestamp"": 1550631502824, ""helpful_vote"": 0, ""verified_purchase"": true}"
"{""rating"":","5.0,","""title"":","""Exactly as described"", ""text"": ""As described."", ""images"": [], ""asin"": ""B073M1NGHJ"", ""parent_asin"": ""B073M1NGHJ"", ""user_id"": ""AHUVQ4UNB2JGV6MY4ZT75SZLPUBQ"", ""timestamp"": 1550631463711, ""helpful_vote"": 0, ""verified_purchase"": true}"
"{""rating"":","5.0,","""title"":","""Looks and works Great"", ""text"": ""Very small and unimposing support. Looks and works great!"", ""images"": [{""small_image_url"": ""https://m.media-amazon.com/images/I/61Pwa25FXWL._SL256_.jpg"", ""medium_image_url"": ""https://m.media-amazon.com/images/I/61Pwa25FXWL._SL800_.jpg"", ""large_image_url"": ""https://m.media-amazon.com/images/I/61Pwa25FXWL._SL1600_.jpg"", ""attachment_type"": ""IMAGE""}], ""asin"": ""B0B2WCTGFV"", ""parent_asin"": ""B0B8N1CQD1"", ""user_id"": ""AEVPPTMG43C6GWSR7I2UGRQN7WFQ"", ""timestamp"": 1675356177140"
"{""rating"":","5.0,","""title"":","""Worked great for Chromecast with Google TV."", ""text"": ""I bought this for adding wired Ethernet to the Google Chromecast with Google TV and it works perfectly. No more lagging connection."", ""images"": [], ""asin"": ""B085XZGVN5"", ""parent_asin"": ""B085XZGVN5"", ""user_id"": ""AEVPPTMG43C6GWSR7I2UGRQN7WFQ"", ""timestamp"": 1663827329757, ""helpful_vote"": 0, ""verified_purchase"": true}"
"{""rating"":","4.0,","""title"":","""Amplifier doesn't seem to do much"", ""text"": ""Using this over rabbit ears on my LG OLED and it does pick up some channels but almost all of them have weak reception. Even with the amplifier on high it doesn't do a great job. Could be the location, I'm gonna try to put it in the attic and see if it helps.<br />Does work for picking up NXTGEN boradcasts so that's pretty cool. Only get 2 if the 12 channels available though."", ""images"": [], ""asin"": ""B09GV31691"", ""parent_asin"": ""B09GV31691"", ""user_id"": """
"{""rating"":","4.0,","""title"":","""Protects from basic drops but it will not save it if the remote is thrown."", ""text"": ""If your kids throw things this will not save the remote.<br />We have dropped it a few times and its fine. But when it was thrown at the stairs it still cracked.<br />Basic protection, but not enough to save from angry children!"", ""images"": [], ""asin"": ""B09F98W8LF"", ""parent_asin"": ""B09KPLV3WD"", ""user_id"": ""AEVPPTMG43C6GWSR7I2UGRQN7WFQ"", ""timestamp"": 1649908548422, ""helpful_vote"": 0, ""verified_purchase"": true}"
"{""rating"":","5.0,","""title"":","""High quality and works very well."", ""text"": ""This is much higher quality than expected. Doesn't sag like other long extension mounts I've used.<br />It's a bit difficult to extend and retract, but I think that's a good thing so it's not flopping all over.<br />Highly Recommended!"", ""images"": [], ""asin"": ""B093YD69JB"", ""parent_asin"": ""B093YD69JB"", ""user_id"": ""AEVPPTMG43C6GWSR7I2UGRQN7WFQ"", ""timestamp"": 1649908409915, ""helpful_vote"": 0, ""verified_purchase"": true}"
"{""rating"":","5.0,","""title"":","""Perfect for PS5, even includes slim heatsink."", ""text"": ""Best price drive and it's FAST.<br />Moved 450GB of games from internal storage to this M.2 in 6 minutes 47 seconds.<br />PS5 rated read speed at 6257MB/s when it started. A bit slower than rated, but still should be sufficient for PS5 usage. I've had 0 issues so far.<br />The PRICE IS UNBEATABLE.<br />Let's hope the longevity doesn't match the price. But so far so good."", ""images"": [], ""asin"": ""B093DP3X4H"", ""parent_asin"": ""B09KM3BZSS"", ""user"
"{""rating"":","2.0,","""title"":","""Doesn't have NFC as stated!"", ""text"": ""Works well enough, microphone and pairing work well. But does not have NFC.  This would be ok if the price wasn't so high and it wasn't advertised as having it.<br />I contacted their support and was told to reach out in Amazon through seller contact.<br />Once I did this I told them that I received a MR21GA VS MR21GC, the only difference being the NFC functionality.<br />They said they function the same and to request a refund if I am not satisfied.<br />I wi"
"{""rating"":","3.0,","""title"":","""Too large for any speaker I have in my arsenal"", ""text"": ""I have 2 JBL and an LG portable Bluetooth speaker and this was too large for any of them. One of the JBLs was barely long enough to be held by the straps but I didn't feel confident in how secure it was. The other 2 were just 2 short. I didn't think they were small speakers but apparently they are too small for this Mount"", ""images"": [], ""asin"": ""B07ZWCTNJH"", ""parent_asin"": ""B07ZWCTNJH"", ""user_id"": ""AEVPPTMG43C6GWSR7I2UGRQN7WFQ"", ""timestamp"""
"{""rating"":","5.0,","""title"":","""Used this to add a better subwoofer to my soundbar and it works perfectly!"", ""text"": ""I have an LG SK9Y and I ran the speaker level inputs from the stock subwoofer out of that and into one channel of this device, then ran a short Shielded RCA to the LFE input on the Klipsch 12\"" 450 watt home audio subwoofer and it works wonderfully.<br />The sound bar was miles beyond the amount of bass that was provided by the stock 100 watt sub. I did lower the Sub output to -6 so that I don't feed too much powe"
"{""rating"":","5.0,","""title"":","""Solid sub with astounding bass!"", ""text"": ""This replaced a 12\"" JBL venue sub from about 15 years ago. I have always liked Klipsch but this is the first home audio product I have owned of theirs and I am super happy.<br />I use this in conjunction with my LG SK9Y sound bar. I removed the speaker cables and fed them into a Low level line converter and that runs to the LFE input on the subwoofer.<br />It works wonderfully and really fills in as much as or better than the Venue did before. MILES BEYON"
"{""rating"":","4.0,","""title"":","""Make sure to leave room for sag...."", ""text"": ""I installed this in the back of a built in. Had 24\"" to clear and it did fine, but it sages down about 1.5 inches and I wasnt expecting that much. I left that much clearance luckily, so it barely rubs, but it can block the IR since I have a sound bar wall mounted also.<br />TV only weighs about 25 lbs so I have no idea how bad it would be if you used the max capacity of 60lb.<br />If it didn't sag so bad it would be 5 stars though. Easy install and wor"
"{""rating"":","5.0,","""title"":","""Worked as described"", ""text"": ""Put these in for my 2021 Sienna sliding door speakers because the aftermarket 3.5\"" speakers had too much bass and were rattling the panel. This is the perfect frequency, blocker. Still allowed the mids without the bass rattle."", ""images"": [], ""asin"": ""B007JYZ3BG"", ""parent_asin"": ""B007JYZ3BG"", ""user_id"": ""AEVPPTMG43C6GWSR7I2UGRQN7WFQ"", ""timestamp"": 1638907855775, ""helpful_vote"": 0, ""verified_purchase"": true}"
"{""rating"":","1.0,","""title"":","""Splits basic image fine. Can't handle high data"", ""text"": ""Picture shows ok on static image. However when using for XBOX picture cuts out during flashing action segments. Even on 720p. Picture will go completely black until action subsides then it will show static picture again.<br />Very poor quality."", ""images"": [], ""asin"": ""B08L1N8TG9"", ""parent_asin"": ""B08L1N8TG9"", ""user_id"": ""AEVPPTMG43C6GWSR7I2UGRQN7WFQ"", ""timestamp"": 1625195284773, ""helpful_vote"": 0, ""verified_purchase"": true}"
"{""rating"":","5.0,","""title"":","""Awesome having 6 plugs on one outlet."", ""text"": ""I have upwards of 30 Kasa switches, bulbs and other accessories in my house. They all work AMAZING. I love the app and all the options they keep adding. The smart features and customizability just works flawless.<br />They almost never lose connection and quickly respond to google assistant commands.<br />This is really nice because I can make routines through google home to turn everything off but still have specific items on or off at my desk. I ha"
"{""rating"":","5.0,","""title"":","""Great addition, makes touch more responsive"", ""text"": ""Love it, just want I didn't know I needed."", ""images"": [], ""asin"": ""B07SS8LBYB"", ""parent_asin"": ""B083WD2J3F"", ""user_id"": ""AEVPPTMG43C6GWSR7I2UGRQN7WFQ"", ""timestamp"": 1614044304124, ""helpful_vote"": 0, ""verified_purchase"": true}"
"{""rating"":","3.0,","""title"":","""Feels better than stock to me, and the sweat doesn't absorb into leather."", ""text"": ""Positives:<br />1. Sweat cleans off easy, not hard to install and the included eye cover is functional. I find it works better with my frankenquest adapters at holding things in place than the stock foam. It bounces on my face less ands doesn't require as much tension.<br />2. This does seem to work better at keeping my face cool that just the silicone covers for the stock foam.<br />Negatives:<br />1. There is sti"
"{""rating"":","5.0,","""title"":","""High quality, solid connections"", ""text"": ""Great bright white color and solid connections. The combs are very difficult to install but it's worth it for those truly clean aesthetics."", ""images"": [], ""asin"": ""B07VWRZKR9"", ""parent_asin"": ""B095KG3VZG"", ""user_id"": ""AEVPPTMG43C6GWSR7I2UGRQN7WFQ"", ""timestamp"": 1611190258708, ""helpful_vote"": 0, ""verified_purchase"": true}"
"{""rating"":","4.0,","""title"":","""Nice card, a bit loud when fans are maxed"", ""text"": ""Beautiful card. Runs well and seems solid. My only complaint is when it winds up to full speed it's a bit loud and when it's at full load it gets hot with the stock fan curve. Stays below 60 when fans are blasting though."", ""images"": [], ""asin"": ""B088DJQ2PQ"", ""parent_asin"": ""B088DJQ2PQ"", ""user_id"": ""AEVPPTMG43C6GWSR7I2UGRQN7WFQ"", ""timestamp"": 1603657378639, ""helpful_vote"": 2, ""verified_purchase"": true}"
"{""rating"":","1.0,","""title"":","""Good company bad product"", ""text"": ""Product was not working on arrival but company was quick to refund"", ""images"": [], ""asin"": ""B005LJQMCK"", ""parent_asin"": ""B00UVSJU4S"", ""user_id"": ""AHSXXZHYMXDRVKC643TJZYQ7XGYA"", ""timestamp"": 1485121166000, ""helpful_vote"": 0, ""verified_purchase"": true}"
"{""rating"":","5.0,","""title"":","""as expected"", ""text"": ""Work great"", ""images"": [], ""asin"": ""B000ES842Y"", ""parent_asin"": ""B0BJ13Q5JG"", ""user_id"": ""AHSXXZHYMXDRVKC643TJZYQ7XGYA"", ""timestamp"": 1442075469000, ""helpful_vote"": 0, ""verified_purchase"": true}"
"{""rating"":","5.0,","""title"":","""Great little fan!!!"", ""text"": ""Great little fan! Was surprised how much air it put out. Small enough to slip into a pocket or my purse. Happy with my purchase."", ""images"": [], ""asin"": ""B07QQPH27F"", ""parent_asin"": ""B07QQPH27F"", ""user_id"": ""AH6CATODIVPVUOJEWHRSRCSKAOHA"", ""timestamp"": 1571519124501, ""helpful_vote"": 0, ""verified_purchase"": true}"
"{""rating"":","5.0,","""title"":","""Works great!"", ""text"": ""Very happy with this alarm. Easy to install and easy instructions. Thinking of purchasing 2 more."", ""images"": [], ""asin"": ""B00PYG7LH0"", ""parent_asin"": ""B00PYG7LH0"", ""user_id"": ""AH6CATODIVPVUOJEWHRSRCSKAOHA"", ""timestamp"": 1499886760066, ""helpful_vote"": 0, ""verified_purchase"": true}"
"{""rating"":","5.0,","""title"":","""Five Stars"", ""text"": ""For the price of these I couldn't believe the quality sound that they produced."", ""images"": [], ""asin"": ""B003EM8008"", ""parent_asin"": ""B07S764D9V"", ""user_id"": ""AH6CATODIVPVUOJEWHRSRCSKAOHA"", ""timestamp"": 1414371421000, ""helpful_vote"": 0, ""verified_purchase"": false}"
"{""rating"":","5.0,","""title"":","""Yay! We can use the WII again!"", ""text"": ""Bought a new TV for the family room and it didn't have the input that came with our WII. this product was a perfect solution, and very inexpensive.<br /><br />The product plugs into the WII and then you plug in an HDMI cable from the adapter to the TV. Couldn't be easier and worked like a charm."", ""images"": [], ""asin"": ""B071WRSYML"", ""parent_asin"": ""B071WRSYML"", ""user_id"": ""AFGUPTDFAWOHHL4LZDV27ERDNOYQ"", ""timestamp"": 1544399144751, ""helpful_vote"": 0, ""verifi"
"{""rating"":","5.0,","""title"":","""Louder than I expected"", ""text"": ""This was a pretty good case for the money. Buy it's quite a bit louder than I expected."", ""images"": [], ""asin"": ""B00BKX75YA"", ""parent_asin"": ""B00BKX75YA"", ""user_id"": ""AFGUPTDFAWOHHL4LZDV27ERDNOYQ"", ""timestamp"": 1534104333169, ""helpful_vote"": 0, ""verified_purchase"": true}"
"{""rating"":","4.0,","""title"":","""A good case for the price"", ""text"": ""A good case for the price. I was nervous that it would not be roomy enough to fit my Sapphire R9 280X GPU, but it did. However, it is not big enough to fit 2 of them in crossfire, so when that day comes, this case will no longer suit my needs. Otherwise, it is everything I need in a case."", ""images"": [], ""asin"": ""B003YVJJ5Y"", ""parent_asin"": ""B09FN58JBR"", ""user_id"": ""AFGUPTDFAWOHHL4LZDV27ERDNOYQ"", ""timestamp"": 1423500475000, ""helpful_vote"": 1, ""verified_purchase"""
